user_id,city,user_name
1,Sydney,Charlie
2,Sydney,Leo
3,Berlin,Alice
4,Tokyo,Charlie
5,Berlin,Steve
6,Sydney,Olivia
7,Berlin,David
8,Toronto,Tina
9,Paris,Nate
10,Dubai,Hank
11,Singapore,Jack
12,Singapore,Rose
13,Tokyo,Karen
14,Mumbai,Olivia
15,Mumbai,Steve
16,Mumbai,Ivy
17,Paris,David
18,Tokyo,Tina
19,Mumbai,Nate
20,Singapore,Jack
21,Paris,Alice
22,Paris,Charlie
23,Dubai,Bob
24,Sydney,Nate
25,London,Nate
26,Mumbai,Steve
27,Paris,Charlie
28,Singapore,Nate
29,Sydney,Leo
30,Paris,Jack
31,Sydney,Mona
32,Tokyo,Quinn
33,Tokyo,Ivy
34,Tokyo,Charlie
35,New York,Bob
36,Mumbai,Ivy
37,London,Ivy
38,London,Karen
39,Paris,Nate
40,Toronto,Frank
41,London,Nate
42,Singapore,Quinn
43,London,Mona
44,Singapore,Jack
45,Dubai,Frank
46,Singapore,Nate
47,London,Eve
48,Mumbai,Jack
49,Toronto,Mona
50,Berlin,Quinn
51,Sydney,David
52,Dubai,Alice
53,Tokyo,Eve
54,Dubai,Eve
55,Tokyo,Jack
56,London,Grace
57,Mumbai,Paul
58,New York,Charlie
59,Mumbai,Karen
60,Tokyo,Charlie
61,Singapore,Olivia
62,Dubai,David
63,Mumbai,Mona
64,New York,Bob
65,Toronto,Jack
66,New York,Olivia
67,New York,Charlie
68,Tokyo,Steve
69,Tokyo,Grace
70,Singapore,Bob
71,Paris,Ivy
72,New York,Charlie
73,Singapore,Mona
74,London,Eve
75,London,Tina
76,Mumbai,Leo
77,Tokyo,Jack
78,Mumbai,Nate
79,New York,Jack
80,Toronto,Olivia
81,Mumbai,Olivia
82,Tokyo,Olivia
83,Berlin,Bob
84,Singapore,Tina
85,Dubai,Frank
86,Paris,Karen
87,Tokyo,Alice
88,Dubai,Grace
89,New York,Charlie
90,New York,Mona
91,Singapore,Ivy
92,Toronto,Nate
93,London,Ivy
94,Berlin,Quinn
95,Toronto,Tina
96,Paris,Eve
97,Tokyo,Nate
98,Toronto,David
99,Berlin,Alice
100,Paris,Mona
101,Paris,Rose
102,Sydney,Nate
103,New York,Rose
104,London,Karen
105,Paris,Mona
106,Berlin,David
107,New York,Alice
108,Mumbai,Nate
109,Sydney,Quinn
110,Mumbai,Bob
111,Tokyo,Mona
112,Toronto,Olivia
113,Dubai,Ivy
114,Toronto,Leo
115,Tokyo,Olivia
116,New York,David
117,Singapore,Steve
118,Berlin,Hank
119,Dubai,Paul
120,Mumbai,Jack
121,Berlin,Hank
122,New York,Leo
123,Toronto,David
124,Singapore,Alice
125,Berlin,Jack
126,Singapore,Paul
127,Sydney,Jack
128,Singapore,Hank
129,Mumbai,Frank
130,Berlin,Nate
131,Mumbai,Bob
132,Toronto,Quinn
133,London,Bob
134,London,David
135,Singapore,Jack
136,Mumbai,Grace
137,Sydney,Leo
138,Berlin,Alice
139,London,Rose
140,Paris,Charlie
141,Singapore,Alice
142,Paris,Paul
143,Toronto,Alice
144,Dubai,Eve
145,Berlin,Olivia
146,Toronto,Mona
147,Tokyo,Tina
148,Mumbai,Hank
149,New York,Alice
150,Tokyo,Mona
151,Sydney,Quinn
152,Toronto,Mona
153,Toronto,Alice
154,London,Leo
155,New York,Bob
156,Paris,Mona
157,Berlin,Bob
158,Toronto,Grace
159,Sydney,Karen
160,London,Grace
161,Dubai,Frank
162,Paris,Steve
163,Toronto,Nate
164,Paris,Mona
165,Berlin,David
166,New York,Nate
167,Singapore,Eve
168,Sydney,Ivy
169,Singapore,Hank
170,New York,Charlie
171,Paris,David
172,Dubai,David
173,Sydney,Quinn
174,New York,Hank
175,Dubai,Alice
176,Sydney,David
177,Dubai,David
178,Paris,Eve
179,New York,Grace
180,Paris,Leo
181,Singapore,Quinn
182,Sydney,Eve
183,Singapore,Eve
184,London,Rose
185,Toronto,Alice
186,Tokyo,Charlie
187,Dubai,Steve
188,New York,Olivia
189,London,David
190,Mumbai,Grace
191,Dubai,Alice
192,Dubai,Eve
193,London,Steve
194,London,Charlie
195,Singapore,Ivy
196,Sydney,Tina
197,Berlin,Mona
198,Berlin,Nate
199,Toronto,Eve
200,Dubai,Hank
201,Tokyo,Frank
202,Toronto,David
203,Sydney,Nate
204,Paris,Quinn
205,New York,Olivia
206,Berlin,Leo
207,Toronto,David
208,Toronto,Olivia
209,Singapore,Karen
210,Dubai,Ivy
211,London,Frank
212,New York,Jack
213,Dubai,Hank
214,Berlin,Charlie
215,Dubai,David
216,Tokyo,Steve
217,Paris,Olivia
218,Mumbai,David
219,London,Jack
220,Singapore,Frank
221,Dubai,Rose
222,Berlin,Paul
223,Sydney,Ivy
224,Singapore,Karen
225,Paris,Alice
226,Sydney,Tina
227,New York,Rose
228,Tokyo,Hank
229,Toronto,Bob
230,Tokyo,Bob
231,Mumbai,Olivia
232,Berlin,Grace
233,London,Steve
234,Berlin,Paul
235,Berlin,Mona
236,New York,David
237,Mumbai,Karen
238,Berlin,Steve
239,Dubai,Mona
240,Paris,Eve
241,New York,Steve
242,Toronto,Nate
243,London,Karen
244,Berlin,Nate
245,Tokyo,Frank
246,London,Grace
247,Berlin,Hank
248,Dubai,Karen
249,Paris,Nate
250,Mumbai,Frank
251,Mumbai,Bob
252,Berlin,Nate
253,Tokyo,Olivia
254,Singapore,Steve
255,Singapore,Steve
256,Mumbai,Alice
257,Singapore,Quinn
258,New York,Nate
259,Singapore,Bob
260,Singapore,Jack
261,Berlin,Quinn
262,Tokyo,Mona
263,London,Eve
264,Mumbai,Jack
265,Singapore,Alice
266,Tokyo,Nate
267,Mumbai,Bob
268,Toronto,Jack
269,Paris,Rose
270,Singapore,Grace
271,Toronto,Hank
272,Mumbai,Grace
273,Dubai,Jack
274,Berlin,Frank
275,Paris,Bob
276,Singapore,Eve
277,Toronto,Mona
278,New York,Rose
279,New York,Alice
280,Singapore,Leo
281,Toronto,Leo
282,New York,Steve
283,Paris,Nate
284,Sydney,David
285,Dubai,David
286,Singapore,Rose
287,Dubai,Grace
288,Paris,Karen
289,Singapore,Rose
290,Berlin,Rose
291,Mumbai,Hank
292,Dubai,Alice
293,New York,Bob
294,Toronto,Leo
295,Sydney,Quinn
296,Toronto,Nate
297,Mumbai,Ivy
298,Toronto,Rose
299,Dubai,Ivy
300,Singapore,Rose
301,Mumbai,Paul
302,Berlin,Alice
303,Singapore,Jack
304,New York,Leo
305,Dubai,David
306,Dubai,David
307,Berlin,Karen
308,New York,Quinn
309,Toronto,Bob
310,Dubai,Karen
311,Singapore,Alice
312,Paris,Charlie
313,Tokyo,Alice
314,Paris,Mona
315,Singapore,Jack
316,London,Nate
317,Singapore,Rose
318,Dubai,Grace
319,Toronto,Ivy
320,Tokyo,Nate
321,Dubai,Grace
322,Tokyo,Paul
323,Mumbai,Tina
324,London,David
325,Tokyo,Paul
326,Toronto,David
327,Mumbai,Karen
328,Mumbai,Karen
329,Sydney,Grace
330,Berlin,Rose
331,Tokyo,Rose
332,Berlin,Steve
333,Dubai,Hank
334,Mumbai,David
335,New York,Paul
336,New York,Mona
337,Tokyo,Mona
338,Dubai,Jack
339,Mumbai,Jack
340,Tokyo,Olivia
341,Sydney,Eve
342,Berlin,Mona
343,Tokyo,Tina
344,London,Rose
345,Toronto,Mona
346,London,Olivia
347,Berlin,Jack
348,Singapore,Ivy
349,Berlin,Nate
350,Singapore,Paul
351,Dubai,Bob
352,Toronto,Tina
353,Tokyo,Bob
354,Toronto,Hank
355,Dubai,Charlie
356,Singapore,David
357,Singapore,Leo
358,Berlin,Charlie
359,Mumbai,Frank
360,Paris,Alice
361,Dubai,Tina
362,Mumbai,Karen
363,Tokyo,Grace
364,Singapore,Rose
365,Dubai,Hank
366,Sydney,Nate
367,Singapore,Karen
368,Tokyo,Nate
369,Sydney,Tina
370,Singapore,Steve
371,Mumbai,Eve
372,Sydney,Alice
373,Mumbai,David
374,Singapore,Ivy
375,Sydney,Rose
376,Paris,Mona
377,New York,Hank
378,Toronto,Mona
379,Sydney,Ivy
380,New York,Hank
381,Tokyo,Bob
382,Mumbai,Frank
383,Berlin,Rose
384,Paris,Steve
385,Singapore,Rose
386,London,Charlie
387,Tokyo,Jack
388,Mumbai,Olivia
389,Singapore,Karen
390,Toronto,Quinn
391,Sydney,Alice
392,Berlin,Leo
393,Singapore,Rose
394,Paris,Ivy
395,Singapore,Nate
396,Singapore,Mona
397,Paris,Tina
398,London,Nate
399,Tokyo,Karen
400,Mumbai,Eve
401,Mumbai,Hank
402,Dubai,Grace
403,Paris,Paul
404,Berlin,Hank
405,Dubai,Mona
406,Sydney,Mona
407,Singapore,Quinn
408,Tokyo,Steve
409,Toronto,Leo
410,Berlin,David
411,Berlin,Jack
412,Toronto,Nate
413,Tokyo,Mona
414,Tokyo,Charlie
415,Tokyo,Mona
416,Berlin,Eve
417,Toronto,Karen
418,Tokyo,Grace
419,Paris,Jack
420,London,David
421,Toronto,Nate
422,Tokyo,Paul
423,Paris,Bob
424,London,Mona
425,Toronto,Olivia
426,Singapore,Eve
427,Berlin,Jack
428,New York,Jack
429,London,Paul
430,Toronto,Steve
431,Singapore,Karen
432,New York,Charlie
433,Sydney,Leo
434,Tokyo,Jack
435,New York,Tina
436,Singapore,Quinn
437,Tokyo,Quinn
438,Toronto,Grace
439,Dubai,Eve
440,Berlin,Rose
441,Dubai,Paul
442,Toronto,Charlie
443,Sydney,Mona
444,Mumbai,Eve
445,Berlin,Paul
446,Tokyo,Jack
447,London,Hank
448,Sydney,Nate
449,Berlin,Paul
450,Sydney,Grace
451,Paris,Nate
452,London,Eve
453,Toronto,Steve
454,Berlin,Rose
455,Sydney,Ivy
456,Tokyo,Charlie
457,London,Steve
458,Toronto,Steve
459,Berlin,Grace
460,Paris,Nate
461,Berlin,Quinn
462,Berlin,Eve
463,Sydney,Nate
464,Tokyo,Leo
465,Berlin,Jack
466,Tokyo,Grace
467,New York,Karen
468,Sydney,Alice
469,Dubai,Jack
470,Dubai,Leo
471,Mumbai,Olivia
472,Singapore,Jack
473,Paris,Charlie
474,Tokyo,Charlie
475,London,Ivy
476,New York,Charlie
477,London,Frank
478,Paris,Karen
479,Singapore,Karen
480,Singapore,Olivia
481,Sydney,Jack
482,Mumbai,Karen
483,Toronto,Alice
484,Toronto,David
485,Singapore,Quinn
486,Dubai,Quinn
487,Toronto,Bob
488,Singapore,Alice
489,London,Charlie
490,London,Charlie
491,Toronto,David
492,Toronto,Nate
493,Toronto,Leo
494,Berlin,Quinn
495,Berlin,Paul
496,Sydney,Karen
497,Paris,Eve
498,Sydney,Leo
499,Tokyo,Leo
500,Mumbai,David